{"data": {"15000US170312423001": {"C02003": {"error": {"C02003001": 201.0, "C02003002": 201.0, "C02003003": 200.0, "C02003004": 11.0, "C02003005": 11.0, "C02003006": 71.0, "C02003007": 11.0, "C02003008": 69.0, "C02003009": 33.0, "C02003010": 18.0, "C02003011": 35.0, "C02003012": 33.0, "C02003013": 36.0, "C02003014": 11.0, "C02003015": 15.0, "C02003016": 11.0, "C02003017": 18.0, "C02003018": 11.0, "C02003019": 11.0}, "estimate": {"C02003001": 1350.0, "C02003002": 1297.0, "C02003003": 1128.0, "C02003004": 7.0, "C02003005": 0.0, "C02003006": 102.0, "C02003007": 0.0, "C02003008": 60.0, "C02003009": 53.0, "C02003010": 12.0, "C02003011": 41.0, "C02003012": 53.0, "C02003013": 23.0, "C02003014": 0.0, "C02003015": 18.0, "C02003016": 0.0, "C02003017": 12.0, "C02003018": 0.0, "C02003019": 0.0}}}}, "geography": {"15000US170312423001": {"name": "Block Group 1, Cook, IL"}}, "release": {"id": "acs2018_5yr", "name": "ACS 2018 5-year", "years": "2014-2018"}, "tables": {"C02003": {"columns": {"C02003001": {"indent": 0, "name": "Total:"}, "C02003002": {"indent": 1, "name": "Population of one race:"}, "C02003003": {"indent": 2, "name": "White"}, "C02003004": {"indent": 2, "name": "Black or African American"}, "C02003005": {"indent": 2, "name": "American Indian and Alaska Native"}, "C02003006": {"indent": 2, "name": "Asian alone"}, "C02003007": {"indent": 2, "name": "Native Hawaiian and Other Pacific Islander"}, "C02003008": {"indent": 2, "name": "Some other race"}, "C02003009": {"indent": 1, "name": "Population of two or more races:"}, "C02003010": {"indent": 3, "name": "Two races including Some other race"}, "C02003011": {"indent": 3, "name": "Two races excluding Some other race, and three or more races"}, "C02003012": {"indent": 2, "name": "Population of two races:"}, "C02003013": {"indent": 3, "name": "White; Black or African American"}, "C02003014": {"indent": 3, "name": "White; American Indian and Alaska Native"}, "C02003015": {"indent": 3, "name": "White; Asian"}, "C02003016": {"indent": 3, "name": "Black or African American; American Indian and Alaska Native"}, "C02003017": {"indent": 3, "name": "All other two race combinations"}, "C02003018": {"indent": 2, "name": "Population of three races"}, "C02003019": {"indent": 2, "name": "Population of four or more races"}}, "denominator_column_id": "C02003001", "title": "Detailed Race", "universe": "Total Population"}}}